epoch,mAP50
1,0.34682
2,0.4416
3,0.48166
4,0.52459
5,0.52177
6,0.56735
7,0.58338
8,0.6098
9,0.62295
10,0.63135
