epoch,box_loss,cls_loss,dfl_loss
1,1.89669,1.60919,0.0069
2,1.89691,1.58227,0.00682
3,1.91453,1.59532,0.00691
4,1.89356,1.55435,0.0069
5,1.88119,1.50929,0.00679
6,1.85811,1.45445,0.00665
7,1.83207,1.41215,0.00654
8,1.82125,1.37074,0.00647
9,1.7995,1.31951,0.00639
10,1.78768,1.29869,0.00637
