epoch,mAP50
1,0.27778
2,0.45232
3,0.45848
4,0.46057
