epoch,box_loss,cls_loss,dfl_loss
1,1.88972,3.76636,0.00608
2,1.75857,2.31465,0.00553
3,1.76336,1.91649,0.00553
4,1.79596,1.7424,0.00568
