epoch,mAP50
1,0.10655
2,0.1451
3,0.17648
4,0.24184
5,0.31902
6,0.33707
7,0.35906
8,0.38688
9,0.39782
10,0.40879
11,0.41411
12,0.43275
13,0.43355
14,0.44557
15,0.44559
16,0.46063
17,0.45786
18,0.47252
19,0.47336
20,0.47542
