epoch,mAP50
1,0.58621
2,0.57603
3,0.57057
4,0.58679
5,0.60454
6,0.60681
7,0.63491
8,0.64694
9,0.65059
10,0.65721
