epoch,mAP50
1,0.10749
2,0.15507
3,0.17688
4,0.23362
5,0.29824
6,0.32745
7,0.35382
8,0.36876
9,0.38098
