epoch,box_loss,cls_loss,dfl_loss
1,4.11738,4.22558,2.81252
2,2.61488,2.42641,1.65699
3,2.40811,2.2441,1.49841
4,2.29207,2.12161,1.42662
5,2.21528,2.00634,1.38145
6,2.17011,1.91568,1.34779
7,2.12296,1.84605,1.32991
8,2.08821,1.78222,1.31013
9,2.06422,1.75162,1.29703
10,2.03383,1.71069,1.28568
