epoch,mAP50
1,0.0996
2,0.14806
3,0.15662
4,0.20324
5,0.23216
6,0.2558
7,0.29124
8,0.30222
9,0.32669
10,0.33888
